Название;Ссылка
Плащ GZ-0167;https://zagruzka.online/katalog/verhny-odyag-xl/plasch-gz-0167/
Плащ GZ-0169;https://zagruzka.online/katalog/verhny-odyag-xl/plasch-gz-0169/
Жилетка GJ-7657;https://zagruzka.online/katalog/verhny-odyag-xl/zhiletka-gj-7657-uk/
Жилетка GJ-7658;https://zagruzka.online/katalog/verhny-odyag-xl/zhiletka-gj-7658-uk/
Жилетка GJ-7659;https://zagruzka.online/katalog/verhny-odyag-xl/zhiletka-gj-7659-uk/
Жилетка GJ-7660;https://zagruzka.online/katalog/verhny-odyag-xl/zhiletka-gj-7660-uk/
Жилетка GJ-7661;https://zagruzka.online/katalog/verhny-odyag-xl/zhiletka-gj-7661-uk/
Жилетка GJ-7662;https://zagruzka.online/katalog/verhny-odyag-xl/zhiletka-gj-7662-uk/
Жилетка GJ-7663;https://zagruzka.online/katalog/verhny-odyag-xl/zhiletka-gj-7663-uk/
Жилетка GJ-7664;https://zagruzka.online/katalog/verhny-odyag-xl/zhiletka-gj-7664-uk/
Жилетка GJ-7665;https://zagruzka.online/katalog/verhny-odyag-xl/zhiletka-gj-7665-uk/
Жилетка GJ-7666;https://zagruzka.online/katalog/verhny-odyag-xl/zhiletka-gj-7666-uk/
Куртка EL-6256;https://zagruzka.online/katalog/verhny-odyag-xl/kurtka-el-6256-uk/
Куртка EL-6257;https://zagruzka.online/katalog/verhny-odyag-xl/kurtka-el-6257-uk/
Куртка EL-6258;https://zagruzka.online/katalog/verhny-odyag-xl/kurtka-el-6258-uk/
Куртка EL-6259;https://zagruzka.online/katalog/verhny-odyag-xl/kurtka-el-6259-uk/
Куртка ET-8416;https://zagruzka.online/katalog/verhny-odyag-xl/kurtka-et-8416-uk/
Куртка ET-8419;https://zagruzka.online/katalog/verhny-odyag-xl/kurtka-et-8419-uk/
Куртка-Пальто GI-7006;https://zagruzka.online/katalog/verhny-odyag-xl/kurtka-palto-gi-7006-uk/
Куртка-Пальто GI-7007;https://zagruzka.online/katalog/verhny-odyag-xl/kurtka-palto-gi-7007-uk/
Куртка-Пальто GI-7008;https://zagruzka.online/katalog/verhny-odyag-xl/kurtka-palto-gi-7008-uk/
Куртка-Пальто GI-7009;https://zagruzka.online/katalog/verhny-odyag-xl/kurtka-palto-gi-7009-uk/
Пальто EU-1711;https://zagruzka.online/katalog/verhny-odyag-xl/palto-eu-1711-uk/
Пальто EU-1713;https://zagruzka.online/katalog/verhny-odyag-xl/palto-eu-1713-uk/
Пальто EU-1710;https://zagruzka.online/katalog/verhny-odyag-xl/palto-eu-1710-uk/
Жилет EO-3401;https://zagruzka.online/katalog/verhny-odyag-xl/zhilet-eo-3401-uk/
Жилет EO-3403;https://zagruzka.online/katalog/verhny-odyag-xl/zhilet-eo-3403-uk/
Куртка-Пальто GI-7014;https://zagruzka.online/katalog/verhny-odyag-xl/kurtka-palto-gi-7014-uk/
Куртка-Пальто GI-7015;https://zagruzka.online/katalog/verhny-odyag-xl/kurtka-palto-gi-7015-uk/
Куртка-Пальто GI-7016;https://zagruzka.online/katalog/verhny-odyag-xl/kurtka-palto-gi-7016-uk/
Тренч FZ-5569;https://zagruzka.online/katalog/verhny-odyag-xl/trench-fz-5569-uk/
Тренч FV-7466;https://zagruzka.online/katalog/verhny-odyag-xl/trench-fv-7466-uk/
Жилетка GT-7849;https://zagruzka.online/katalog/verhny-odyag-xl/zhiletka-gt-7849/
Жилетка GT-7850;https://zagruzka.online/katalog/verhny-odyag-xl/zhiletka-gt-7850/
Жилетка GT-7851;https://zagruzka.online/katalog/verhny-odyag-xl/zhiletka-gt-7851/
Жилетка GT-7852;https://zagruzka.online/katalog/verhny-odyag-xl/zhiletka-gt-7852/
Жилетка GT-7853;https://zagruzka.online/katalog/verhny-odyag-xl/zhiletka-gt-7853/
Жилетка GT-7854;https://zagruzka.online/katalog/verhny-odyag-xl/zhiletka-gt-7854/
Жилетка GT-7855;https://zagruzka.online/katalog/verhny-odyag-xl/zhiletka-gt-7855/
Жилетка GT-7856;https://zagruzka.online/katalog/verhny-odyag-xl/zhiletka-gt-7856/
Куртка GT-7767;https://zagruzka.online/katalog/verhny-odyag-xl/kurtka-gt-7767/
Куртка GT-7768;https://zagruzka.online/katalog/verhny-odyag-xl/kurtka-gt-7768/
Куртка GT-7769;https://zagruzka.online/katalog/verhny-odyag-xl/kurtka-gt-7769/
Пальто GJ-9478;https://zagruzka.online/katalog/verhny-odyag-xl/palto-gj-9478-uk/
Куртка FI-8452;https://zagruzka.online/katalog/verhny-odyag-xl/kurtka-fi-8452-uk/
Куртка FI-8453;https://zagruzka.online/katalog/verhny-odyag-xl/kurtka-fi-8453-uk/
Куртка GN-1083;https://zagruzka.online/katalog/verhny-odyag-xl/kurtka-gn-1083-uk/
Куртка GN-1084;https://zagruzka.online/katalog/verhny-odyag-xl/kurtka-gn-1084-uk/
